tick,phase,value,route,app,button_queue,miniapp_queue,present_sequence,framebuffer_crc,js_used,host_used,core_free,cpu_frequency_hz
3097,wait-list,0,-1,-1,0,0,1,00000000,0,0,43915092,216000000
3201,open-miniapps-list,0,55,-1,0,0,1,00000000,0,0,43915092,216000000
3209,lv-timer-duration,7,-2,-2,-1,0,1,00000000,0,0,0,216000000
3209,heartbeat,8,55,-1,0,0,2,00000000,0,0,43915092,216000000
3209,move-to-game,0,55,-1,0,0,2,00000000,0,0,43915092,216000000
3210,list-next-game,8,55,-1,1,0,2,00000000,0,0,43915092,216000000
3210,open-game,0,55,-1,0,0,2,00000000,0,0,43915092,216000000
3211,game2048-first-frame,1,55,-1,1,0,2,00000000,0,0,43915092,216000000
3212,runtime-log-duration,1,-2,-2,-1,0,2,00000000,0,0,0,216000000
3263,ui-batch-execute-duration,1,-2,-2,-1,0,2,00000000,0,0,0,216000000
3281,runtime-log-duration,2,-2,-2,-1,0,2,00000000,0,0,0,216000000
3283,input-dispatch-duration,72,-2,-2,-1,0,2,00000000,0,0,0,216000000
3286,lv-timer-duration,3,-2,-2,-1,0,2,00000000,0,0,0,216000000
3286,ui-heartbeat-gap,75,56,1,0,0,3,00000000,503396,0,35526460,216000000
3288,heartbeat,75,56,1,0,0,3,00000000,503396,0,35526460,216000000
3290,button-release,1,56,1,1,0,3,00000000,503396,0,35526460,216000000
3292,heartbeat,6,56,1,0,0,3,00000000,503396,0,35526460,216000000
3294,action-present,75,56,1,0,0,3,00000000,503396,0,35526460,216000000
3296,enter-game,0,56,1,0,0,3,00000000,503396,0,35526460,216000000
3299,heartbeat,7,56,1,0,0,3,00000000,503396,0,35526460,216000000
3300,game2048-enter-game,1,56,1,1,0,3,00000000,503396,0,35526460,216000000
3334,js-input-dispatch-duration,32,-2,-2,-1,0,3,00000000,0,0,0,216000000
3357,js-host-service-duration,23,-2,-2,-1,0,3,00000000,0,0,0,216000000
3357,input-dispatch-duration,55,-2,-2,-1,0,3,00000000,0,0,0,216000000
3357,ui-heartbeat-gap,58,56,1,0,0,3,00000000,666420,0,35526460,216000000
3360,heartbeat,58,56,1,0,0,3,00000000,666420,0,35526460,216000000
3363,button-release,1,56,1,1,0,3,00000000,666420,0,35526460,216000000
3366,heartbeat,9,56,1,0,0,3,00000000,666420,0,35526460,216000000
3371,heartbeat,1,56,1,0,0,3,00000000,666420,0,35526460,216000000
3376,heartbeat,1,56,1,0,0,3,00000000,666420,0,35526460,216000000
3381,heartbeat,1,56,1,0,0,3,00000000,666420,0,35526460,216000000
3386,heartbeat,1,56,1,0,0,3,00000000,666420,0,35526460,216000000
3391,heartbeat,1,56,1,0,0,3,00000000,666420,0,35526460,216000000
3396,heartbeat,1,56,1,0,0,3,00000000,666420,0,35526460,216000000
3401,heartbeat,1,56,1,0,0,3,00000000,666420,0,35526460,216000000
3406,heartbeat,1,56,1,0,0,3,00000000,666420,0,35526460,216000000
3411,heartbeat,1,56,1,0,0,3,00000000,666420,0,35526460,216000000
3416,heartbeat,1,56,1,0,0,3,00000000,666420,0,35526460,216000000
3421,heartbeat,1,56,1,0,0,3,00000000,666420,0,35526460,216000000
3426,heartbeat,1,56,1,0,0,3,00000000,666420,0,35526460,216000000
3431,heartbeat,1,56,1,0,0,3,00000000,666420,0,35526460,216000000
3436,heartbeat,1,56,1,0,0,3,00000000,666560,0,35526460,216000000
3441,heartbeat,1,56,1,0,0,3,00000000,666560,0,35526460,216000000
3446,heartbeat,1,56,1,0,0,3,00000000,666560,0,35526460,216000000
3449,action-timeout,150,56,1,0,0,3,00000000,666560,0,35526460,216000000
3451,game2048-enter-game,150,56,1,0,0,3,00000000,666560,0,35526460,216000000
3454,open-pause,0,56,1,0,0,3,00000000,666560,0,35526460,216000000
3458,heartbeat,9,56,1,0,0,3,00000000,666560,0,35526460,216000000
3460,game2048-open-pause,1,56,1,1,0,3,00000000,666560,0,35526460,216000000
3486,js-input-dispatch-duration,23,-2,-2,-1,0,3,00000000,0,0,0,216000000
3486,input-dispatch-duration,23,-2,-2,-1,0,3,00000000,0,0,0,216000000
3486,ui-heartbeat-gap,28,56,1,0,0,3,00000000,640480,0,35526460,216000000
3489,heartbeat,28,56,1,0,0,3,00000000,640480,0,35526460,216000000
3491,button-release,1,56,1,1,0,3,00000000,640480,0,35526460,216000000
3494,heartbeat,8,56,1,0,0,3,00000000,640480,0,35526460,216000000
3499,heartbeat,1,56,1,0,0,3,00000000,640480,0,35526460,216000000
3504,heartbeat,1,56,1,0,0,3,00000000,640480,0,35526460,216000000
3509,heartbeat,1,56,1,0,0,3,00000000,640480,0,35526460,216000000
3514,heartbeat,1,56,1,0,0,3,00000000,640480,0,35526460,216000000
3519,heartbeat,1,56,1,0,0,3,00000000,640480,0,35526460,216000000
3524,heartbeat,1,56,1,0,0,3,00000000,640480,0,35526460,216000000
3529,heartbeat,1,56,1,0,0,3,00000000,640480,0,35526460,216000000
3533,action-timeout,75,56,1,0,0,3,00000000,640480,0,35526460,216000000
3535,game2048-open-pause,75,56,1,0,0,3,00000000,640480,0,35526460,216000000
3537,select-restart,0,56,1,0,0,3,00000000,640480,0,35526460,216000000
3541,heartbeat,8,56,1,0,0,3,00000000,640480,0,35526460,216000000
3543,game2048-select-restart,16,56,1,1,0,3,00000000,640480,0,35526460,216000000
3546,heartbeat,5,56,1,0,0,3,00000000,640500,0,35526460,216000000
3551,heartbeat,1,56,1,0,0,3,00000000,640500,0,35526460,216000000
3556,heartbeat,1,56,1,0,0,3,00000000,640500,0,35526460,216000000
3561,heartbeat,1,56,1,0,0,3,00000000,640500,0,35526460,216000000
3566,heartbeat,1,56,1,0,0,3,00000000,640500,0,35526460,216000000
3571,heartbeat,1,56,1,0,0,3,00000000,640500,0,35526460,216000000
3576,heartbeat,1,56,1,0,0,3,00000000,640500,0,35526460,216000000
3581,heartbeat,1,56,1,0,0,3,00000000,640500,0,35526460,216000000
3586,heartbeat,1,56,1,0,0,3,00000000,640500,0,35526460,216000000
3591,heartbeat,1,56,1,0,0,3,00000000,640500,0,35526460,216000000
3596,heartbeat,1,56,1,0,0,3,00000000,640500,0,35526460,216000000
3601,heartbeat,1,56,1,0,0,3,00000000,640500,0,35526460,216000000
3606,heartbeat,1,56,1,0,0,3,00000000,640500,0,35526460,216000000
3611,heartbeat,1,56,1,0,0,3,00000000,640500,0,35526460,216000000
3616,heartbeat,1,56,1,0,0,3,00000000,640500,0,35526460,216000000
3618,action-timeout,75,56,1,0,0,3,00000000,640500,0,35526460,216000000
3620,game2048-select-restart,75,56,1,0,0,3,00000000,640500,0,35526460,216000000
3623,open-restart-confirm,0,56,1,0,0,3,00000000,640500,0,35526460,216000000
3626,heartbeat,10,56,1,0,0,3,00000000,640500,0,35526460,216000000
3628,game2048-open-restart-confirm,1,56,1,1,0,3,00000000,640500,0,35526460,216000000
3634,js-input-dispatch-duration,4,-2,-2,-1,0,3,00000000,0,0,0,216000000
3634,input-dispatch-duration,4,-2,-2,-1,0,3,00000000,0,0,0,216000000
3634,heartbeat,8,56,1,0,0,3,00000000,661892,6176,35520268,216000000
3637,button-release,1,56,1,1,0,3,00000000,661892,6176,35520268,216000000
3639,heartbeat,5,56,1,0,0,3,00000000,661892,0,35526460,216000000
3644,heartbeat,1,56,1,0,0,3,00000000,661892,0,35526460,216000000
3649,heartbeat,1,56,1,0,0,3,00000000,661892,0,35526460,216000000
3654,heartbeat,1,56,1,0,0,3,00000000,661892,0,35526460,216000000
3659,heartbeat,1,56,1,0,0,3,00000000,661892,0,35526460,216000000
3664,heartbeat,1,56,1,0,0,3,00000000,661892,0,35526460,216000000
3669,heartbeat,1,56,1,0,0,3,00000000,661892,0,35526460,216000000
3674,heartbeat,1,56,1,0,0,3,00000000,661892,0,35526460,216000000
3679,heartbeat,1,56,1,0,0,3,00000000,661892,0,35526460,216000000
3684,heartbeat,1,56,1,0,0,3,00000000,661892,0,35526460,216000000
3689,heartbeat,1,56,1,0,0,3,00000000,661892,0,35526460,216000000
3694,heartbeat,1,56,1,0,0,3,00000000,661892,0,35526460,216000000
3699,heartbeat,1,56,1,0,0,3,00000000,661892,0,35526460,216000000
3702,action-timeout,76,56,1,0,0,3,00000000,661892,0,35526460,216000000
3704,game2048-open-restart-confirm,76,56,1,0,0,3,00000000,661892,0,35526460,216000000
3707,select-restart-yes,0,56,1,0,0,3,00000000,661892,0,35526460,216000000
3710,heartbeat,8,56,1,0,0,3,00000000,661892,0,35526460,216000000
3712,game2048-select-restart-yes,8,56,1,1,0,3,00000000,661892,0,35526460,216000000
3715,heartbeat,5,56,1,0,0,3,00000000,661976,0,35526460,216000000
3718,button-release,8,56,1,1,0,3,00000000,661976,0,35526460,216000000
3720,heartbeat,5,56,1,0,0,3,00000000,661976,0,35526460,216000000
3725,heartbeat,1,56,1,0,0,3,00000000,661976,0,35526460,216000000
3730,heartbeat,1,56,1,0,0,3,00000000,661976,0,35526460,216000000
3735,heartbeat,1,56,1,0,0,3,00000000,661976,0,35526460,216000000
3740,heartbeat,1,56,1,0,0,3,00000000,661976,0,35526460,216000000
3745,heartbeat,1,56,1,0,0,3,00000000,661976,0,35526460,216000000
3750,heartbeat,1,56,1,0,0,3,00000000,661976,0,35526460,216000000
3755,heartbeat,1,56,1,0,0,3,00000000,661976,0,35526460,216000000
3760,heartbeat,1,56,1,0,0,3,00000000,661976,0,35526460,216000000
3765,heartbeat,1,56,1,0,0,3,00000000,661976,0,35526460,216000000
3770,heartbeat,1,56,1,0,0,3,00000000,661976,0,35526460,216000000
3775,heartbeat,1,56,1,0,0,3,00000000,661976,0,35526460,216000000
3780,heartbeat,1,56,1,0,0,3,00000000,661976,0,35526460,216000000
3785,heartbeat,1,56,1,0,0,3,00000000,661976,0,35526460,216000000
3787,action-timeout,75,56,1,0,0,3,00000000,661976,0,35526460,216000000
3790,game2048-select-restart-yes,75,56,1,0,0,3,00000000,661976,0,35526460,216000000
3792,confirm-restart,0,56,1,0,0,3,00000000,661976,0,35526460,216000000
3796,heartbeat,11,56,1,0,0,3,00000000,661976,0,35526460,216000000
3798,game2048-confirm-restart,1,56,1,1,0,3,00000000,661976,0,35526460,216000000
3807,js-input-dispatch-duration,6,-2,-2,-1,0,3,00000000,0,0,0,216000000
3829,js-host-service-duration,22,-2,-2,-1,0,3,00000000,0,0,0,216000000
3829,input-dispatch-duration,28,-2,-2,-1,0,3,00000000,0,0,0,216000000
3829,ui-heartbeat-gap,33,56,1,0,0,3,00000000,772344,0,35526460,216000000
3833,heartbeat,33,56,1,0,0,3,00000000,772344,0,35526460,216000000
3836,button-release,1,56,1,1,0,3,00000000,772344,0,35526460,216000000
3840,heartbeat,11,56,1,0,0,3,00000000,772344,0,35526460,216000000
3845,heartbeat,1,56,1,0,0,3,00000000,772428,0,35526460,216000000
3850,heartbeat,1,56,1,0,0,3,00000000,772428,0,35526460,216000000
3855,heartbeat,1,56,1,0,0,3,00000000,772428,0,35526460,216000000
3860,heartbeat,1,56,1,0,0,3,00000000,772428,0,35526460,216000000
3865,heartbeat,1,56,1,0,0,3,00000000,772428,0,35526460,216000000
3870,heartbeat,1,56,1,0,0,3,00000000,772428,0,35526460,216000000
3875,heartbeat,1,56,1,0,0,3,00000000,772428,0,35526460,216000000
3880,heartbeat,1,56,1,0,0,3,00000000,772428,0,35526460,216000000
3885,heartbeat,1,56,1,0,0,3,00000000,772428,0,35526460,216000000
3890,heartbeat,1,56,1,0,0,3,00000000,772428,0,35526460,216000000
3895,heartbeat,1,56,1,0,0,3,00000000,772428,0,35526460,216000000
3900,heartbeat,1,56,1,0,0,3,00000000,772428,0,35526460,216000000
3905,heartbeat,1,56,1,0,0,3,00000000,772428,0,35526460,216000000
3910,heartbeat,1,56,1,0,0,3,00000000,772428,0,35526460,216000000
3915,heartbeat,1,56,1,0,0,3,00000000,772428,0,35526460,216000000
3920,heartbeat,1,56,1,0,0,3,00000000,772428,0,35526460,216000000
3925,heartbeat,1,56,1,0,0,3,00000000,772428,0,35526460,216000000
3930,heartbeat,1,56,1,0,0,3,00000000,772428,0,35526460,216000000
3935,heartbeat,1,56,1,0,0,3,00000000,772428,0,35526460,216000000
3940,heartbeat,1,56,1,0,0,3,00000000,772428,0,35526460,216000000
3945,heartbeat,1,56,1,0,0,3,00000000,772544,0,35526460,54000000
3958,heartbeat,13,56,1,0,0,3,00000000,772544,0,35526460,54000000
3970,action-timeout,162,56,1,0,0,3,00000000,772544,0,35526460,54000000
3983,game2048-confirm-restart,162,56,1,0,0,3,00000000,772544,0,35526460,54000000
3995,moves-begin,0,56,1,0,0,3,00000000,772544,0,35526460,54000000
4009,ui-heartbeat-gap,51,56,1,0,0,3,00000000,772544,0,35526460,54000000
4021,heartbeat,51,56,1,0,0,3,00000000,772544,0,35526460,54000000
4034,moves-active,0,56,1,0,0,3,00000000,772544,0,35526460,54000000
4048,ui-heartbeat-gap,39,56,1,0,0,3,00000000,772660,0,35526460,54000000
4061,heartbeat,39,56,1,0,0,3,00000000,772660,0,35526460,54000000
4074,move-post,4,56,1,1,0,3,00000000,772660,0,35526460,54000000
4097,ui-batch-preflight-duration,1,-2,-2,-1,0,3,00000000,0,0,0,216000000
4103,ui-batch-execute-duration,6,-2,-2,-1,0,3,00000000,0,0,0,216000000
4117,ui-batch-execute-duration,1,-2,-2,-1,0,3,00000000,0,0,0,216000000
4117,js-input-dispatch-duration,31,-2,-2,-1,0,3,00000000,0,0,0,216000000
4117,input-dispatch-duration,31,-2,-2,-1,0,3,00000000,0,0,0,216000000
4121,lv-timer-duration,4,-2,-2,-1,0,3,00000000,0,0,0,216000000
4121,ui-heartbeat-gap,73,56,1,0,0,4,00000000,733608,0,35526460,216000000
4125,heartbeat,73,56,1,0,0,4,00000000,733608,0,35526460,216000000
4128,move-present,73,56,1,0,0,4,00000000,733608,0,35526460,216000000
4131,move-release,4,56,1,1,0,4,00000000,733608,0,35526460,216000000
4135,move-post,64,56,1,2,0,4,00000000,733608,0,35526460,216000000
4149,ui-batch-execute-duration,1,-2,-2,-1,0,4,00000000,0,0,0,216000000
4156,js-host-service-duration,18,-2,-2,-1,0,4,00000000,0,0,0,216000000
4156,input-dispatch-duration,18,-2,-2,-1,0,4,00000000,0,0,0,216000000
4158,lv-timer-duration,2,-2,-2,-1,0,4,00000000,0,0,0,216000000
4158,ui-heartbeat-gap,37,56,1,0,0,5,00000000,750464,0,35526460,216000000
4161,heartbeat,37,56,1,0,0,5,00000000,750464,0,35526460,216000000
4165,move-present,37,56,1,0,0,5,00000000,750464,0,35526460,216000000
4168,move-release,64,56,1,1,0,5,00000000,750464,0,35526460,216000000
4172,move-post,8,56,1,2,0,5,00000000,750464,0,35526460,216000000
4186,ui-batch-execute-duration,1,-2,-2,-1,0,5,00000000,0,0,0,216000000
4193,js-host-service-duration,18,-2,-2,-1,0,5,00000000,0,0,0,216000000
4193,input-dispatch-duration,18,-2,-2,-1,0,5,00000000,0,0,0,216000000
4195,lv-timer-duration,2,-2,-2,-1,0,5,00000000,0,0,0,216000000
4195,ui-heartbeat-gap,37,56,1,0,0,6,00000000,762204,0,35526460,216000000
4198,heartbeat,37,56,1,0,0,6,00000000,762204,0,35526460,216000000
4202,move-present,37,56,1,0,0,6,00000000,762204,0,35526460,216000000
4205,move-release,8,56,1,1,0,6,00000000,762204,0,35526460,216000000
4209,move-post,2,56,1,2,0,6,00000000,762204,0,35526460,216000000
4215,js-tick-duration,3,-2,-2,-1,0,6,00000000,0,0,0,216000000
4215,miniapp-service-duration,3,-2,-2,-1,0,6,00000000,0,0,0,216000000
4215,runtime-services-duration,3,-2,-2,-1,0,6,00000000,0,0,0,216000000
4215,heartbeat,20,56,1,0,0,6,00000000,750352,0,35526460,216000000
4219,move-release,2,56,1,1,0,6,00000000,750352,0,35526460,216000000
4222,move-post,4,56,1,2,0,6,00000000,750352,0,35526460,216000000
4241,js-input-dispatch-duration,15,-2,-2,-1,0,6,00000000,0,0,0,216000000
4242,js-host-service-duration,1,-2,-2,-1,0,6,00000000,0,0,0,216000000
4242,input-dispatch-duration,16,-2,-2,-1,0,6,00000000,0,0,0,216000000
4243,input-dispatch-duration,1,-2,-2,-1,0,6,00000000,0,0,0,216000000
4244,lv-timer-duration,1,-2,-2,-1,0,6,00000000,0,0,0,216000000
4244,ui-heartbeat-gap,29,56,1,0,0,7,00000000,781672,0,35526460,216000000
4248,heartbeat,29,56,1,0,0,7,00000000,781672,0,35526460,216000000
4252,move-present,49,56,1,0,0,7,00000000,781672,0,35526460,216000000
4255,move-release,4,56,1,1,0,7,00000000,781672,0,35526460,216000000
4259,move-post,64,56,1,2,0,7,00000000,781672,0,35526460,216000000
4263,js-input-dispatch-duration,1,-2,-2,-1,0,7,00000000,0,0,0,216000000
4274,ui-batch-preflight-duration,1,-2,-2,-1,0,7,00000000,0,0,0,216000000
4283,ui-batch-execute-duration,1,-2,-2,-1,0,7,00000000,0,0,0,216000000
4284,js-host-service-duration,21,-2,-2,-1,0,7,00000000,0,0,0,216000000
4284,input-dispatch-duration,22,-2,-2,-1,0,7,00000000,0,0,0,216000000
4285,lv-timer-duration,1,-2,-2,-1,0,7,00000000,0,0,0,216000000
4285,ui-heartbeat-gap,41,56,1,0,0,8,00000000,797140,0,35526460,216000000
4289,heartbeat,41,56,1,0,0,8,00000000,797140,0,35526460,216000000
4293,move-present,70,56,1,0,0,8,00000000,797140,0,35526460,216000000
4296,move-release,64,56,1,1,0,8,00000000,797140,0,35526460,216000000
4300,move-post,8,56,1,2,0,8,00000000,797140,0,35526460,216000000
4324,ui-batch-execute-duration,1,-2,-2,-1,0,8,00000000,0,0,0,216000000
4325,js-host-service-duration,21,-2,-2,-1,0,8,00000000,0,0,0,216000000
4325,input-dispatch-duration,21,-2,-2,-1,0,8,00000000,0,0,0,216000000
4327,lv-timer-duration,2,-2,-2,-1,0,8,00000000,0,0,0,216000000
4327,ui-heartbeat-gap,42,56,1,0,0,9,00000000,812296,0,35526460,216000000
4331,heartbeat,42,56,1,0,0,9,00000000,812296,0,35526460,216000000
4334,move-present,83,56,1,0,0,9,00000000,812296,0,35526460,216000000
4338,move-release,8,56,1,1,0,9,00000000,812296,0,35526460,216000000
4342,move-post,2,56,1,2,0,9,00000000,812296,0,35526460,216000000
4357,ui-batch-execute-duration,1,-2,-2,-1,0,9,00000000,0,0,0,216000000
4366,ui-batch-execute-duration,1,-2,-2,-1,0,9,00000000,0,0,0,216000000
4367,js-tick-duration,21,-2,-2,-1,0,9,00000000,0,0,0,216000000
4367,miniapp-service-duration,21,-2,-2,-1,0,9,00000000,0,0,0,216000000
4367,runtime-services-duration,21,-2,-2,-1,0,9,00000000,0,0,0,216000000
4369,lv-timer-duration,2,-2,-2,-1,0,9,00000000,0,0,0,216000000
4369,ui-heartbeat-gap,42,56,1,0,0,10,00000000,827440,6176,35520268,216000000
4372,heartbeat,42,56,1,0,0,10,00000000,827440,6176,35520268,216000000
4376,move-present,84,56,1,0,0,10,00000000,827440,6176,35520268,216000000
4380,move-release,2,56,1,1,0,10,00000000,827440,6176,35520268,216000000
4384,move-post,4,56,1,2,0,10,00000000,827440,6176,35520268,216000000
4400,ui-batch-execute-duration,1,-2,-2,-1,0,10,00000000,0,0,0,216000000
4410,ui-batch-execute-duration,1,-2,-2,-1,0,10,00000000,0,0,0,216000000
4411,js-host-service-duration,23,-2,-2,-1,0,10,00000000,0,0,0,216000000
4411,input-dispatch-duration,23,-2,-2,-1,0,10,00000000,0,0,0,216000000
4413,lv-timer-duration,2,-2,-2,-1,0,10,00000000,0,0,0,216000000
4413,ui-heartbeat-gap,44,56,1,0,0,11,00000000,849876,0,35526460,216000000
4417,heartbeat,44,56,1,0,0,11,00000000,849876,0,35526460,216000000
4421,move-present,86,56,1,0,0,11,00000000,849876,0,35526460,216000000
4425,move-release,4,56,1,1,0,11,00000000,849876,0,35526460,216000000
4429,move-post,64,56,1,2,0,11,00000000,849876,0,35526460,216000000
4445,ui-batch-execute-duration,1,-2,-2,-1,0,11,00000000,0,0,0,216000000
4459,js-host-service-duration,26,-2,-2,-1,0,11,00000000,0,0,0,216000000
4459,input-dispatch-duration,26,-2,-2,-1,0,11,00000000,0,0,0,216000000
4461,lv-timer-duration,2,-2,-2,-1,0,11,00000000,0,0,0,216000000
4461,ui-heartbeat-gap,48,56,1,0,0,12,00000000,875808,0,35526460,216000000
4465,heartbeat,48,56,1,0,0,12,00000000,875808,0,35526460,216000000
4469,move-present,92,56,1,0,0,12,00000000,875808,0,35526460,216000000
4473,move-release,64,56,1,1,0,12,00000000,875808,0,35526460,216000000
4478,move-post,8,56,1,2,0,12,00000000,875808,0,35526460,216000000
4494,ui-batch-execute-duration,1,-2,-2,-1,0,12,00000000,0,0,0,216000000
4511,ui-batch-execute-duration,1,-2,-2,-1,0,12,00000000,0,0,0,216000000
4512,js-host-service-duration,30,-2,-2,-1,0,12,00000000,0,0,0,216000000
4512,input-dispatch-duration,30,-2,-2,-1,0,12,00000000,0,0,0,216000000
4515,lv-timer-duration,3,-2,-2,-1,0,12,00000000,0,0,0,216000000
4515,ui-heartbeat-gap,54,56,1,0,0,13,00000000,753264,0,35526460,216000000
4518,heartbeat,54,56,1,0,0,13,00000000,753264,0,35526460,216000000
4521,move-present,102,56,1,0,0,13,00000000,753264,0,35526460,216000000
4524,move-release,8,56,1,1,0,13,00000000,753264,0,35526460,216000000
4527,move-post,2,56,1,2,0,13,00000000,753264,0,35526460,216000000
4543,ui-batch-execute-duration,1,-2,-2,-1,0,13,00000000,0,0,0,216000000
4554,ui-batch-preflight-duration,1,-2,-2,-1,0,13,00000000,0,0,0,216000000
4555,js-tick-duration,24,-2,-2,-1,0,13,00000000,0,0,0,216000000
4555,miniapp-service-duration,24,-2,-2,-1,0,13,00000000,0,0,0,216000000
4555,runtime-services-duration,24,-2,-2,-1,0,13,00000000,0,0,0,216000000
4557,lv-timer-duration,2,-2,-2,-1,0,13,00000000,0,0,0,216000000
4557,ui-heartbeat-gap,42,56,1,0,0,14,00000000,767688,6176,35520268,216000000
4561,heartbeat,42,56,1,0,0,14,00000000,767688,6176,35520268,216000000
4564,move-present,96,56,1,0,0,14,00000000,767688,6176,35520268,216000000
4567,move-release,2,56,1,1,0,14,00000000,767688,6176,35520268,216000000
4570,move-post,4,56,1,2,0,14,00000000,767688,6176,35520268,216000000
4586,ui-batch-execute-duration,1,-2,-2,-1,0,14,00000000,0,0,0,216000000
4601,js-host-service-duration,27,-2,-2,-1,0,14,00000000,0,0,0,216000000
4601,input-dispatch-duration,27,-2,-2,-1,0,14,00000000,0,0,0,216000000
4603,lv-timer-duration,2,-2,-2,-1,0,14,00000000,0,0,0,216000000
4603,ui-heartbeat-gap,46,56,1,0,0,15,00000000,793660,0,35526460,216000000
4607,heartbeat,46,56,1,0,0,15,00000000,793660,0,35526460,216000000
4610,move-present,88,56,1,0,0,15,00000000,793660,0,35526460,216000000
4613,move-release,4,56,1,1,0,15,00000000,793660,0,35526460,216000000
4617,move-post,64,56,1,2,0,15,00000000,793660,0,35526460,216000000
4633,ui-batch-execute-duration,1,-2,-2,-1,0,15,00000000,0,0,0,216000000
4649,js-host-service-duration,29,-2,-2,-1,0,15,00000000,0,0,0,216000000
4649,input-dispatch-duration,29,-2,-2,-1,0,15,00000000,0,0,0,216000000
4651,lv-timer-duration,2,-2,-2,-1,0,15,00000000,0,0,0,216000000
4651,ui-heartbeat-gap,48,56,1,0,0,16,00000000,815968,0,35526460,216000000
4654,heartbeat,48,56,1,0,0,16,00000000,815968,0,35526460,216000000
4658,move-present,94,56,1,0,0,16,00000000,815968,0,35526460,216000000
4662,move-release,64,56,1,1,0,16,00000000,815968,0,35526460,216000000
4665,move-post,8,56,1,2,0,16,00000000,815968,0,35526460,216000000
4680,ui-batch-preflight-duration,1,-2,-2,-1,0,16,00000000,0,0,0,216000000
4681,ui-batch-execute-duration,1,-2,-2,-1,0,16,00000000,0,0,0,216000000
4693,ui-batch-execute-duration,1,-2,-2,-1,0,16,00000000,0,0,0,216000000
4694,js-host-service-duration,25,-2,-2,-1,0,16,00000000,0,0,0,216000000
4694,input-dispatch-duration,25,-2,-2,-1,0,16,00000000,0,0,0,216000000
4696,lv-timer-duration,2,-2,-2,-1,0,16,00000000,0,0,0,216000000
4696,ui-heartbeat-gap,45,56,1,0,0,17,00000000,830672,0,35526460,216000000
4700,heartbeat,45,56,1,0,0,17,00000000,830672,0,35526460,216000000
4704,move-present,93,56,1,0,0,17,00000000,830672,0,35526460,216000000
4707,move-release,8,56,1,1,0,17,00000000,830672,0,35526460,216000000
4711,move-post,2,56,1,2,0,17,00000000,830672,0,35526460,216000000
4727,ui-batch-execute-duration,1,-2,-2,-1,0,17,00000000,0,0,0,216000000
4743,js-tick-duration,29,-2,-2,-1,0,17,00000000,0,0,0,216000000
4743,miniapp-service-duration,29,-2,-2,-1,0,17,00000000,0,0,0,216000000
4743,runtime-services-duration,29,-2,-2,-1,0,17,00000000,0,0,0,216000000
4745,lv-timer-duration,2,-2,-2,-1,0,17,00000000,0,0,0,216000000
4745,ui-heartbeat-gap,49,56,1,0,0,18,00000000,856356,6176,35520268,216000000
4749,heartbeat,49,56,1,0,0,18,00000000,856356,6176,35520268,216000000
4753,move-present,94,56,1,0,0,18,00000000,856356,6176,35520268,216000000
4756,move-release,2,56,1,1,0,18,00000000,856356,6176,35520268,216000000
4760,move-post,4,56,1,2,0,18,00000000,856356,6176,35520268,216000000
4768,js-tick-duration,4,-2,-2,-1,0,18,00000000,0,0,0,216000000
4768,miniapp-service-duration,4,-2,-2,-1,0,18,00000000,0,0,0,216000000
4769,miniapp-render-duration,1,-2,-2,-1,0,18,00000000,0,0,0,216000000
4769,runtime-services-duration,5,-2,-2,-1,0,18,00000000,0,0,0,216000000
4772,lv-timer-duration,3,-2,-2,-1,0,18,00000000,0,0,0,216000000
4772,ui-heartbeat-gap,27,56,1,0,0,19,00000000,835600,0,35526460,216000000
4776,heartbeat,27,56,1,0,0,19,00000000,835600,0,35526460,216000000
4780,move-present,76,56,1,0,0,19,00000000,835600,0,35526460,216000000
4783,move-release,4,56,1,1,0,19,00000000,835600,0,35526460,216000000
4787,move-post,64,56,1,2,0,19,00000000,835600,0,35526460,216000000
4790,heartbeat,18,56,1,0,0,19,00000000,835600,0,35526460,216000000
4794,move-release,64,56,1,1,0,19,00000000,835600,0,35526460,216000000
4797,move-post,8,56,1,2,0,19,00000000,835600,0,35526460,216000000
4802,miniapp-render-duration,1,-2,-2,-1,0,19,00000000,0,0,0,216000000
4802,runtime-services-duration,1,-2,-2,-1,0,19,00000000,0,0,0,216000000
4806,lv-timer-duration,4,-2,-2,-1,0,19,00000000,0,0,0,216000000
4806,heartbeat,16,56,1,0,0,20,00000000,835600,0,35526460,216000000
4809,move-present,61,56,1,0,0,20,00000000,835600,0,35526460,216000000
4813,move-release,8,56,1,1,0,20,00000000,835600,0,35526460,216000000
4816,move-post,2,56,1,2,0,20,00000000,835600,0,35526460,216000000
4825,js-tick-duration,5,-2,-2,-1,0,20,00000000,0,0,0,216000000
4825,miniapp-service-duration,5,-2,-2,-1,0,20,00000000,0,0,0,216000000
4826,miniapp-render-duration,1,-2,-2,-1,0,20,00000000,0,0,0,216000000
4826,runtime-services-duration,6,-2,-2,-1,0,20,00000000,0,0,0,216000000
4828,lv-timer-duration,2,-2,-2,-1,0,20,00000000,0,0,0,216000000
4828,heartbeat,22,56,1,0,0,21,00000000,835428,0,35526460,216000000
4832,move-present,56,56,1,0,0,21,00000000,835428,0,35526460,216000000
4835,move-release,2,56,1,1,0,21,00000000,835428,0,35526460,216000000
4839,move-post,4,56,1,2,0,21,00000000,835428,0,35526460,216000000
4852,ui-batch-execute-duration,1,-2,-2,-1,0,21,00000000,0,0,0,216000000
4867,ui-batch-execute-duration,1,-2,-2,-1,0,21,00000000,0,0,0,216000000
4867,js-input-dispatch-duration,24,-2,-2,-1,0,21,00000000,0,0,0,216000000
4869,js-host-service-duration,2,-2,-2,-1,0,21,00000000,0,0,0,216000000
4869,input-dispatch-duration,26,-2,-2,-1,0,21,00000000,0,0,0,216000000
4871,lv-timer-duration,2,-2,-2,-1,0,21,00000000,0,0,0,216000000
4871,ui-heartbeat-gap,43,56,1,0,0,22,00000000,878816,0,35526460,216000000
4875,heartbeat,43,56,1,0,0,22,00000000,878816,0,35526460,216000000
4879,move-present,81,56,1,0,0,22,00000000,878816,0,35526460,216000000
4882,move-release,4,56,1,1,0,22,00000000,878816,0,35526460,216000000
4886,move-post,64,56,1,2,0,22,00000000,878816,0,35526460,216000000
4902,ui-batch-execute-duration,1,-2,-2,-1,0,22,00000000,0,0,0,216000000
4918,ui-batch-execute-duration,1,-2,-2,-1,0,22,00000000,0,0,0,216000000
4920,js-host-service-duration,30,-2,-2,-1,0,22,00000000,0,0,0,216000000
4920,input-dispatch-duration,30,-2,-2,-1,0,22,00000000,0,0,0,216000000
4922,lv-timer-duration,2,-2,-2,-1,0,22,00000000,0,0,0,216000000
4922,ui-heartbeat-gap,51,56,1,0,0,23,00000000,900208,0,35526460,216000000
4926,heartbeat,51,56,1,0,0,23,00000000,900208,0,35526460,216000000
4930,move-present,116,56,1,0,0,23,00000000,900208,0,35526460,216000000
4934,move-release,64,56,1,1,0,23,00000000,900208,0,35526460,216000000
4938,move-post,8,56,1,2,0,23,00000000,900208,0,35526460,216000000
4954,ui-batch-execute-duration,1,-2,-2,-1,0,23,00000000,0,0,0,216000000
4971,ui-batch-execute-duration,1,-2,-2,-1,0,23,00000000,0,0,0,216000000
4972,js-host-service-duration,30,-2,-2,-1,0,23,00000000,0,0,0,216000000
4972,input-dispatch-duration,30,-2,-2,-1,0,23,00000000,0,0,0,216000000
4973,js-tick-duration,1,-2,-2,-1,0,23,00000000,0,0,0,216000000
4973,miniapp-service-duration,1,-2,-2,-1,0,23,00000000,0,0,0,216000000
4973,runtime-services-duration,1,-2,-2,-1,0,23,00000000,0,0,0,216000000
4975,lv-timer-duration,2,-2,-2,-1,0,23,00000000,0,0,0,216000000
4975,ui-heartbeat-gap,53,56,1,0,0,24,00000000,922104,0,35526460,216000000
4979,heartbeat,53,56,1,0,0,24,00000000,922104,0,35526460,216000000
4983,move-present,147,56,1,0,0,24,00000000,922104,0,35526460,216000000
4987,move-release,8,56,1,1,0,24,00000000,922104,0,35526460,216000000
4991,move-post,2,56,1,2,0,24,00000000,922104,0,35526460,216000000
4999,js-tick-duration,4,-2,-2,-1,0,24,00000000,0,0,0,216000000
4999,miniapp-service-duration,4,-2,-2,-1,0,24,00000000,0,0,0,216000000
4999,runtime-services-duration,4,-2,-2,-1,0,24,00000000,0,0,0,216000000
4999,heartbeat,24,56,1,0,0,24,00000000,901424,0,35526460,216000000
5003,move-release,2,56,1,1,0,24,00000000,901424,0,35526460,216000000
5006,move-post,4,56,1,2,0,24,00000000,901424,0,35526460,216000000
5019,ui-batch-execute-duration,1,-2,-2,-1,0,24,00000000,0,0,0,216000000
5036,js-input-dispatch-duration,26,-2,-2,-1,0,24,00000000,0,0,0,216000000
5038,js-host-service-duration,2,-2,-2,-1,0,24,00000000,0,0,0,216000000
5038,input-dispatch-duration,28,-2,-2,-1,0,24,00000000,0,0,0,216000000
5040,lv-timer-duration,2,-2,-2,-1,0,24,00000000,0,0,0,216000000
5040,ui-heartbeat-gap,41,56,1,0,0,25,00000000,943896,0,35526460,216000000
5044,heartbeat,41,56,1,0,0,25,00000000,943896,0,35526460,216000000
5048,move-present,169,56,1,0,0,25,00000000,943896,0,35526460,216000000
5053,move-release,4,56,1,1,0,25,00000000,943896,0,35526460,216000000
5057,move-post,64,56,1,2,0,25,00000000,943896,0,35526460,216000000
5074,ui-batch-execute-duration,1,-2,-2,-1,0,25,00000000,0,0,0,216000000
5091,ui-batch-preflight-duration,1,-2,-2,-1,0,25,00000000,0,0,0,216000000
5093,js-host-service-duration,32,-2,-2,-1,0,25,00000000,0,0,0,216000000
5093,input-dispatch-duration,32,-2,-2,-1,0,25,00000000,0,0,0,216000000
5095,lv-timer-duration,2,-2,-2,-1,0,25,00000000,0,0,0,216000000
5095,ui-heartbeat-gap,55,56,1,0,0,26,00000000,965944,0,35526460,216000000
5099,heartbeat,55,56,1,0,0,26,00000000,965944,0,35526460,216000000
5104,move-present,173,56,1,0,0,26,00000000,965944,0,35526460,216000000
5108,move-release,64,56,1,1,0,26,00000000,965944,0,35526460,216000000
5112,move-post,8,56,1,2,0,26,00000000,965944,0,35526460,216000000
5129,ui-batch-execute-duration,1,-2,-2,-1,0,26,00000000,0,0,0,216000000
5147,ui-batch-execute-duration,1,-2,-2,-1,0,26,00000000,0,0,0,216000000
5149,js-host-service-duration,32,-2,-2,-1,0,26,00000000,0,0,0,216000000
5149,input-dispatch-duration,32,-2,-2,-1,0,26,00000000,0,0,0,216000000
5151,lv-timer-duration,2,-2,-2,-1,0,26,00000000,0,0,0,216000000
5151,ui-heartbeat-gap,56,56,1,0,0,27,00000000,987488,0,35526460,216000000
5155,heartbeat,56,56,1,0,0,27,00000000,987488,0,35526460,216000000
5160,move-present,176,56,1,0,0,27,00000000,987488,0,35526460,216000000
5164,move-release,8,56,1,1,0,27,00000000,987488,0,35526460,216000000
5168,move-post,2,56,1,2,0,27,00000000,987488,0,35526460,216000000
5185,ui-batch-execute-duration,1,-2,-2,-1,0,27,00000000,0,0,0,216000000
5205,js-tick-duration,32,-2,-2,-1,0,27,00000000,0,0,0,216000000
5205,miniapp-service-duration,32,-2,-2,-1,0,27,00000000,0,0,0,216000000
5205,runtime-services-duration,32,-2,-2,-1,0,27,00000000,0,0,0,216000000
5207,lv-timer-duration,2,-2,-2,-1,0,27,00000000,0,0,0,216000000
5207,ui-heartbeat-gap,56,56,1,0,0,28,00000000,1008668,6176,35520268,216000000
5212,heartbeat,56,56,1,0,0,28,00000000,1008668,6176,35520268,216000000
5216,move-present,208,56,1,0,0,28,00000000,1008668,6176,35520268,216000000
5220,move-release,2,56,1,1,0,28,00000000,1008668,6176,35520268,216000000
5225,move-post,4,56,1,2,0,28,00000000,1008668,6176,35520268,216000000
5233,js-tick-duration,4,-2,-2,-1,0,28,00000000,0,0,0,216000000
5233,miniapp-service-duration,4,-2,-2,-1,0,28,00000000,0,0,0,216000000
5234,miniapp-render-duration,1,-2,-2,-1,0,28,00000000,0,0,0,216000000
5234,runtime-services-duration,5,-2,-2,-1,0,28,00000000,0,0,0,216000000
5238,lv-timer-duration,4,-2,-2,-1,0,28,00000000,0,0,0,216000000
5238,ui-heartbeat-gap,31,56,1,0,0,29,00000000,988652,0,35526460,216000000
5242,heartbeat,31,56,1,0,0,29,00000000,988652,0,35526460,216000000
5246,move-present,198,56,1,0,0,29,00000000,988652,0,35526460,216000000
5251,move-release,4,56,1,1,0,29,00000000,988652,0,35526460,216000000
5255,move-post,64,56,1,2,0,29,00000000,988652,0,35526460,216000000
5259,heartbeat,21,56,1,0,0,29,00000000,988652,0,35526460,216000000
5264,move-release,64,56,1,1,0,29,00000000,988652,0,35526460,216000000
5268,move-post,8,56,1,2,0,29,00000000,988652,0,35526460,216000000
5278,js-tick-duration,6,-2,-2,-1,0,29,00000000,0,0,0,216000000
5278,miniapp-service-duration,6,-2,-2,-1,0,29,00000000,0,0,0,216000000
5278,runtime-services-duration,6,-2,-2,-1,0,29,00000000,0,0,0,216000000
5282,lv-timer-duration,4,-2,-2,-1,0,29,00000000,0,0,0,216000000
5282,heartbeat,23,56,1,0,0,30,00000000,988092,0,35526460,216000000
5287,move-present,187,56,1,0,0,30,00000000,988092,0,35526460,216000000
5291,move-release,8,56,1,1,0,30,00000000,988092,0,35526460,216000000
5295,move-post,2,56,1,2,0,30,00000000,988092,0,35526460,216000000
5302,lv-timer-duration,2,-2,-2,-1,0,30,00000000,0,0,0,216000000
5303,present-duration,1,-2,-2,-1,0,31,00000000,0,0,0,216000000
5303,heartbeat,21,56,1,0,0,31,00000000,988092,0,35526460,216000000
5307,move-present,152,56,1,0,0,31,00000000,988092,0,35526460,216000000
5311,move-release,2,56,1,1,0,31,00000000,988092,0,35526460,216000000
5315,2048-input-max-latency,208,56,1,1,0,31,00000000,988092,0,35526460,216000000
5320,2048-input-p95-latency,198,56,1,1,0,31,00000000,988092,0,35526460,216000000
5324,game-exit-hold,0,56,1,1,0,31,00000000,988092,0,35526460,216000000
5328,heartbeat,25,56,1,0,0,31,00000000,988092,0,35526460,216000000
5333,menu-hold-post,2,56,1,1,0,31,00000000,988092,0,35526460,216000000
5337,heartbeat,9,56,1,0,0,31,00000000,988196,0,35526460,216000000
5342,heartbeat,5,56,1,0,0,31,00000000,988196,0,35526460,216000000
5347,heartbeat,5,56,1,0,0,31,00000000,988196,0,35526460,216000000
5352,heartbeat,5,56,1,0,0,31,00000000,988196,0,35526460,216000000
5357,heartbeat,5,56,1,0,0,31,00000000,988196,0,35526460,216000000
5362,heartbeat,5,56,1,0,0,31,00000000,988196,0,35526460,216000000
5367,heartbeat,5,56,1,0,0,31,00000000,988196,0,35526460,216000000
5372,heartbeat,5,56,1,0,0,31,00000000,988196,0,35526460,216000000
5377,heartbeat,5,56,1,0,0,31,00000000,988196,0,35526460,216000000
5382,heartbeat,5,56,1,0,0,31,00000000,988196,0,35526460,216000000
5391,lv-timer-duration,4,-2,-2,-1,0,31,00000000,0,0,0,216000000
5391,heartbeat,9,56,1,0,0,32,00000000,988196,0,35526460,216000000
5396,exit-prompt-present,13,56,1,0,0,32,00000000,988196,0,35526460,216000000
5400,menu-hold-release,2,56,1,1,0,32,00000000,988196,0,35526460,216000000
5404,game-exit-right,0,56,1,1,0,32,00000000,988196,0,35526460,216000000
5409,heartbeat,18,56,1,0,0,32,00000000,988196,0,35526460,216000000
5413,game2048-exit-select,8,56,1,1,0,32,00000000,988196,0,35526460,216000000
5418,miniapp-render-duration,1,-2,-2,-1,0,32,00000000,0,0,0,216000000
5418,runtime-services-duration,1,-2,-2,-1,0,32,00000000,0,0,0,216000000
5422,lv-timer-duration,4,-2,-2,-1,0,32,00000000,0,0,0,216000000
5422,heartbeat,13,56,1,0,0,33,00000000,988196,0,35526460,216000000
5426,button-release,8,56,1,1,0,33,00000000,988196,0,35526460,216000000
5431,heartbeat,9,56,1,0,0,33,00000000,988196,0,35526460,216000000
5435,action-present,13,56,1,0,0,33,00000000,988196,0,35526460,216000000
5439,game-exit-select,0,56,1,0,0,33,00000000,988196,0,35526460,216000000
5444,heartbeat,13,56,1,0,0,33,00000000,988312,0,35526460,216000000
5448,game2048-exit-list-frame,1,56,1,1,0,33,00000000,988312,0,35526460,216000000
5457,runtime-log-duration,5,-2,-2,-1,0,33,00000000,0,0,0,216000000
5487,input-dispatch-duration,35,-2,-2,-1,0,33,00000000,0,0,0,216000000
5494,lv-timer-duration,7,-2,-2,-1,0,33,00000000,0,0,0,216000000
5494,ui-heartbeat-gap,50,55,-1,0,0,34,00000000,0,0,43915088,216000000
5494,heartbeat,50,55,-1,0,0,34,00000000,0,0,43915088,216000000
5494,button-release,1,55,-1,1,0,34,00000000,0,0,43915088,216000000
5494,action-present,50,55,-1,0,0,34,00000000,0,0,43915088,216000000
5494,finish-fail,0,55,-1,0,0,34,00000000,0,0,43915088,216000000
