tick,phase,value,route,app,button_queue,miniapp_queue,present_sequence,framebuffer_crc,js_used,host_used,core_free
3023,wait-list,0,-1,-1,0,0,1,00000000,0,0,43932020
3126,open-miniapps-list,0,55,-1,0,0,1,00000000,0,0,43932020
3134,lv-timer-duration,7,-2,-2,-1,0,1,00000000,0,0,0
3134,heartbeat,8,55,-1,0,0,2,00000000,0,0,43932020
3134,move-to-game,0,55,-1,0,0,2,00000000,0,0,43932020
3135,list-next-game,8,55,-1,1,0,2,00000000,0,0,43932020
3135,open-game,0,55,-1,0,0,2,00000000,0,0,43932020
3136,game2048-first-frame,1,55,-1,1,0,2,00000000,0,0,43932020
3137,runtime-log-duration,1,-2,-2,-1,0,2,00000000,0,0,0
3205,runtime-log-duration,2,-2,-2,-1,0,2,00000000,0,0,0
3206,input-dispatch-duration,70,-2,-2,-1,0,2,00000000,0,0,0
3210,lv-timer-duration,3,-2,-2,-1,0,2,00000000,0,0,0
3210,ui-heartbeat-gap,74,56,1,0,0,3,00000000,503044,0,35543388
3212,heartbeat,74,56,1,0,0,3,00000000,503044,0,35543388
3214,button-release,1,56,1,1,0,3,00000000,503044,0,35543388
3216,heartbeat,6,56,1,0,0,3,00000000,503044,0,35543388
3218,action-present,74,56,1,0,0,3,00000000,503044,0,35543388
3220,enter-game,0,56,1,0,0,3,00000000,503044,0,35543388
3222,heartbeat,6,56,1,0,0,3,00000000,503044,0,35543388
3223,game2048-enter-game,1,56,1,1,0,3,00000000,503044,0,35543388
3257,js-input-dispatch-duration,32,-2,-2,-1,0,3,00000000,0,0,0
3282,js-host-service-duration,25,-2,-2,-1,0,3,00000000,0,0,0
3282,input-dispatch-duration,57,-2,-2,-1,0,3,00000000,0,0,0
3282,ui-heartbeat-gap,60,56,1,0,0,3,00000000,670248,0,35543388
3285,heartbeat,60,56,1,0,0,3,00000000,670248,0,35543388
3288,button-release,1,56,1,1,0,3,00000000,670248,0,35543388
3291,heartbeat,9,56,1,0,0,3,00000000,670248,0,35543388
3296,heartbeat,1,56,1,0,0,3,00000000,670248,0,35543388
3301,heartbeat,1,56,1,0,0,3,00000000,670248,0,35543388
3306,heartbeat,1,56,1,0,0,3,00000000,670248,0,35543388
3311,heartbeat,1,56,1,0,0,3,00000000,670248,0,35543388
3316,heartbeat,1,56,1,0,0,3,00000000,670248,0,35543388
3321,heartbeat,1,56,1,0,0,3,00000000,670248,0,35543388
3326,heartbeat,1,56,1,0,0,3,00000000,670248,0,35543388
3331,heartbeat,1,56,1,0,0,3,00000000,670248,0,35543388
3336,heartbeat,1,56,1,0,0,3,00000000,670248,0,35543388
3341,heartbeat,1,56,1,0,0,3,00000000,670248,0,35543388
3346,heartbeat,1,56,1,0,0,3,00000000,670248,0,35543388
3351,heartbeat,1,56,1,0,0,3,00000000,670248,0,35543388
3356,heartbeat,1,56,1,0,0,3,00000000,670248,0,35543388
3361,heartbeat,1,56,1,0,0,3,00000000,670248,0,35543388
3366,heartbeat,1,56,1,0,0,3,00000000,670248,0,35543388
3371,heartbeat,1,56,1,0,0,3,00000000,670248,0,35543388
3374,action-timeout,152,56,1,0,0,3,00000000,670248,0,35543388
3376,game2048-enter-game,152,56,1,0,0,3,00000000,670248,0,35543388
3379,open-pause,0,56,1,0,0,3,00000000,670248,0,35543388
3383,heartbeat,9,56,1,0,0,3,00000000,670368,0,35543388
3386,game2048-open-pause,1,56,1,1,0,3,00000000,670368,0,35543388
3411,js-input-dispatch-duration,22,-2,-2,-1,0,3,00000000,0,0,0
3411,input-dispatch-duration,22,-2,-2,-1,0,3,00000000,0,0,0
3411,ui-heartbeat-gap,28,56,1,0,0,3,00000000,643204,0,35543388
3413,heartbeat,28,56,1,0,0,3,00000000,643204,0,35543388
3415,button-release,1,56,1,1,0,3,00000000,643204,0,35543388
3418,heartbeat,7,56,1,0,0,3,00000000,643204,0,35543388
3423,heartbeat,1,56,1,0,0,3,00000000,643204,0,35543388
3428,heartbeat,1,56,1,0,0,3,00000000,643204,0,35543388
3433,heartbeat,1,56,1,0,0,3,00000000,643204,0,35543388
3438,heartbeat,1,56,1,0,0,3,00000000,643204,0,35543388
3443,heartbeat,1,56,1,0,0,3,00000000,643204,0,35543388
3448,heartbeat,1,56,1,0,0,3,00000000,643204,0,35543388
3453,heartbeat,1,56,1,0,0,3,00000000,643204,0,35543388
3458,heartbeat,1,56,1,0,0,3,00000000,643204,0,35543388
3460,action-timeout,75,56,1,0,0,3,00000000,643204,0,35543388
3462,game2048-open-pause,75,56,1,0,0,3,00000000,643204,0,35543388
3465,select-restart,0,56,1,0,0,3,00000000,643204,0,35543388
3468,heartbeat,10,56,1,0,0,3,00000000,643204,0,35543388
3470,game2048-select-restart,16,56,1,1,0,3,00000000,643204,0,35543388
3473,js-input-dispatch-duration,1,-2,-2,-1,0,3,00000000,0,0,0
3473,miniapp-service-duration,1,-2,-2,-1,0,3,00000000,0,0,0
3473,runtime-services-duration,1,-2,-2,-1,0,3,00000000,0,0,0
3473,heartbeat,5,56,1,0,0,3,00000000,643224,0,35543388
3478,heartbeat,1,56,1,0,0,3,00000000,643224,0,35543388
3483,heartbeat,1,56,1,0,0,3,00000000,643224,0,35543388
3488,heartbeat,1,56,1,0,0,3,00000000,643224,0,35543388
3493,heartbeat,1,56,1,0,0,3,00000000,643224,0,35543388
3498,heartbeat,1,56,1,0,0,3,00000000,643224,0,35543388
3503,heartbeat,1,56,1,0,0,3,00000000,643224,0,35543388
3508,heartbeat,1,56,1,0,0,3,00000000,643224,0,35543388
3513,heartbeat,1,56,1,0,0,3,00000000,643224,0,35543388
3518,heartbeat,1,56,1,0,0,3,00000000,643224,0,35543388
3523,heartbeat,1,56,1,0,0,3,00000000,643224,0,35543388
3528,heartbeat,1,56,1,0,0,3,00000000,643224,0,35543388
3533,heartbeat,1,56,1,0,0,3,00000000,643224,0,35543388
3538,heartbeat,1,56,1,0,0,3,00000000,643224,0,35543388
3543,heartbeat,1,56,1,0,0,3,00000000,643224,0,35543388
3545,action-timeout,75,56,1,0,0,3,00000000,643224,0,35543388
3547,game2048-select-restart,75,56,1,0,0,3,00000000,643224,0,35543388
3550,open-restart-confirm,0,56,1,0,0,3,00000000,643224,0,35543388
3553,heartbeat,10,56,1,0,0,3,00000000,643224,0,35543388
3555,game2048-open-restart-confirm,1,56,1,1,0,3,00000000,643224,0,35543388
3561,js-input-dispatch-duration,4,-2,-2,-1,0,3,00000000,0,0,0
3561,input-dispatch-duration,4,-2,-2,-1,0,3,00000000,0,0,0
3561,heartbeat,8,56,1,0,0,3,00000000,664548,6176,35537196
3564,button-release,1,56,1,1,0,3,00000000,664548,6176,35537196
3566,heartbeat,5,56,1,0,0,3,00000000,664548,0,35543388
3571,heartbeat,1,56,1,0,0,3,00000000,664548,0,35543388
3576,heartbeat,1,56,1,0,0,3,00000000,664548,0,35543388
3581,heartbeat,1,56,1,0,0,3,00000000,664548,0,35543388
3586,heartbeat,1,56,1,0,0,3,00000000,664548,0,35543388
3591,heartbeat,1,56,1,0,0,3,00000000,664548,0,35543388
3596,heartbeat,1,56,1,0,0,3,00000000,664548,0,35543388
3601,heartbeat,1,56,1,0,0,3,00000000,664548,0,35543388
3606,heartbeat,1,56,1,0,0,3,00000000,664548,0,35543388
3611,heartbeat,1,56,1,0,0,3,00000000,664548,0,35543388
3616,heartbeat,1,56,1,0,0,3,00000000,664548,0,35543388
3621,heartbeat,1,56,1,0,0,3,00000000,664548,0,35543388
3626,heartbeat,1,56,1,0,0,3,00000000,664548,0,35543388
3629,action-timeout,76,56,1,0,0,3,00000000,664548,0,35543388
3631,game2048-open-restart-confirm,76,56,1,0,0,3,00000000,664548,0,35543388
3634,select-restart-yes,0,56,1,0,0,3,00000000,664548,0,35543388
3637,heartbeat,8,56,1,0,0,3,00000000,664548,0,35543388
3639,game2048-select-restart-yes,8,56,1,1,0,3,00000000,664548,0,35543388
3642,heartbeat,5,56,1,0,0,3,00000000,664632,0,35543388
3645,button-release,8,56,1,1,0,3,00000000,664632,0,35543388
3647,heartbeat,5,56,1,0,0,3,00000000,664632,0,35543388
3652,heartbeat,1,56,1,0,0,3,00000000,664632,0,35543388
3657,heartbeat,1,56,1,0,0,3,00000000,664632,0,35543388
3662,heartbeat,1,56,1,0,0,3,00000000,664632,0,35543388
3667,heartbeat,1,56,1,0,0,3,00000000,664632,0,35543388
3672,heartbeat,1,56,1,0,0,3,00000000,664632,0,35543388
3677,heartbeat,1,56,1,0,0,3,00000000,664632,0,35543388
3682,heartbeat,1,56,1,0,0,3,00000000,664632,0,35543388
3687,heartbeat,1,56,1,0,0,3,00000000,664632,0,35543388
3692,heartbeat,1,56,1,0,0,3,00000000,664632,0,35543388
3697,heartbeat,1,56,1,0,0,3,00000000,664632,0,35543388
3702,heartbeat,1,56,1,0,0,3,00000000,664632,0,35543388
3707,heartbeat,1,56,1,0,0,3,00000000,664632,0,35543388
3712,heartbeat,1,56,1,0,0,3,00000000,664632,0,35543388
3714,action-timeout,75,56,1,0,0,3,00000000,664632,0,35543388
3717,game2048-select-restart-yes,75,56,1,0,0,3,00000000,664632,0,35543388
3719,confirm-restart,0,56,1,0,0,3,00000000,664632,0,35543388
3723,heartbeat,11,56,1,0,0,3,00000000,664632,0,35543388
3725,game2048-confirm-restart,1,56,1,1,0,3,00000000,664632,0,35543388
3734,js-input-dispatch-duration,6,-2,-2,-1,0,3,00000000,0,0,0
3756,js-host-service-duration,22,-2,-2,-1,0,3,00000000,0,0,0
3756,input-dispatch-duration,28,-2,-2,-1,0,3,00000000,0,0,0
3756,ui-heartbeat-gap,33,56,1,0,0,3,00000000,777132,0,35543388
3760,heartbeat,33,56,1,0,0,3,00000000,777132,0,35543388
3763,button-release,1,56,1,1,0,3,00000000,777132,0,35543388
3767,heartbeat,11,56,1,0,0,3,00000000,777132,0,35543388
3772,heartbeat,1,56,1,0,0,3,00000000,777132,0,35543388
3777,heartbeat,1,56,1,0,0,3,00000000,777132,0,35543388
3782,heartbeat,1,56,1,0,0,3,00000000,777132,0,35543388
3787,heartbeat,1,56,1,0,0,3,00000000,777220,0,35543388
3792,heartbeat,1,56,1,0,0,3,00000000,777220,0,35543388
3797,heartbeat,1,56,1,0,0,3,00000000,777220,0,35543388
3802,heartbeat,1,56,1,0,0,3,00000000,777220,0,35543388
3807,heartbeat,1,56,1,0,0,3,00000000,777220,0,35543388
3812,heartbeat,1,56,1,0,0,3,00000000,777220,0,35543388
3817,heartbeat,1,56,1,0,0,3,00000000,777220,0,35543388
3822,heartbeat,1,56,1,0,0,3,00000000,777220,0,35543388
3827,heartbeat,1,56,1,0,0,3,00000000,777220,0,35543388
3832,heartbeat,1,56,1,0,0,3,00000000,777220,0,35543388
3837,heartbeat,1,56,1,0,0,3,00000000,777220,0,35543388
3842,heartbeat,1,56,1,0,0,3,00000000,777220,0,35543388
3847,heartbeat,1,56,1,0,0,3,00000000,777220,0,35543388
3852,heartbeat,1,56,1,0,0,3,00000000,777220,0,35543388
3857,heartbeat,1,56,1,0,0,3,00000000,777220,0,35543388
3862,heartbeat,1,56,1,0,0,3,00000000,777220,0,35543388
3867,heartbeat,1,56,1,0,0,3,00000000,777220,0,35543388
3872,heartbeat,1,56,1,0,0,3,00000000,777220,0,35543388
3885,heartbeat,13,56,1,0,0,3,00000000,777220,0,35543388
3897,action-timeout,162,56,1,0,0,3,00000000,777220,0,35543388
3910,game2048-confirm-restart,162,56,1,0,0,3,00000000,777220,0,35543388
3922,moves-begin,0,56,1,0,0,3,00000000,777220,0,35543388
3936,ui-heartbeat-gap,51,56,1,0,0,3,00000000,777336,0,35543388
3949,heartbeat,51,56,1,0,0,3,00000000,777336,0,35543388
3962,moves-active,0,56,1,1,0,3,00000000,777336,0,35543388
3997,js-input-dispatch-duration,23,-2,-2,-1,0,3,00000000,0,0,0
3997,input-dispatch-duration,23,-2,-2,-1,0,3,00000000,0,0,0
3997,ui-heartbeat-gap,61,56,1,0,0,3,00000000,749312,0,35543388
4000,heartbeat,61,56,1,0,0,3,00000000,749312,0,35543388
4003,move-post,4,56,1,1,0,3,00000000,749312,0,35543388
4006,heartbeat,9,56,1,0,0,3,00000000,749384,0,35543388
4009,move-release,4,56,1,1,0,3,00000000,749384,0,35543388
4011,move-post,64,56,1,2,0,3,00000000,749384,0,35543388
4015,heartbeat,9,56,1,0,0,3,00000000,749456,0,35543388
4017,move-release,64,56,1,1,0,3,00000000,749456,0,35543388
4020,move-post,8,56,1,2,0,3,00000000,749456,0,35543388
4023,heartbeat,8,56,1,0,0,3,00000000,749528,0,35543388
4026,move-release,8,56,1,1,0,3,00000000,749528,0,35543388
4029,move-post,2,56,1,2,0,3,00000000,749528,0,35543388
4032,heartbeat,9,56,1,0,0,3,00000000,749528,0,35543388
4035,move-release,2,56,1,1,0,3,00000000,749528,0,35543388
4038,move-post,4,56,1,2,0,3,00000000,749528,0,35543388
4064,js-input-dispatch-duration,23,-2,-2,-1,0,3,00000000,0,0,0
4064,input-dispatch-duration,23,-2,-2,-1,0,3,00000000,0,0,0
4065,lv-timer-duration,1,-2,-2,-1,0,3,00000000,0,0,0
4065,ui-heartbeat-gap,33,56,1,0,0,3,00000000,870864,0,35543388
4068,heartbeat,33,56,1,0,0,3,00000000,870864,0,35543388
4072,move-release,4,56,1,1,0,3,00000000,870864,0,35543388
4076,move-post,64,56,1,2,0,3,00000000,870864,0,35543388
4104,ui-batch-execute-duration,9,-2,-2,-1,0,3,00000000,0,0,0
4119,js-input-dispatch-duration,39,-2,-2,-1,0,3,00000000,0,0,0
4119,input-dispatch-duration,39,-2,-2,-1,0,3,00000000,0,0,0
4124,lv-timer-duration,5,-2,-2,-1,0,3,00000000,0,0,0
4124,ui-heartbeat-gap,59,56,1,0,0,4,00000000,693324,0,35543388
4127,heartbeat,59,56,1,0,0,4,00000000,693324,0,35543388
4130,move-release,64,56,1,1,0,4,00000000,693324,0,35543388
4132,move-post,8,56,1,2,0,4,00000000,693324,0,35543388
4152,js-host-service-duration,17,-2,-2,-1,0,4,00000000,0,0,0
4152,input-dispatch-duration,17,-2,-2,-1,0,4,00000000,0,0,0
4153,lv-timer-duration,1,-2,-2,-1,0,4,00000000,0,0,0
4153,ui-heartbeat-gap,29,56,1,0,0,5,00000000,701948,0,35543388
4156,heartbeat,29,56,1,0,0,5,00000000,701948,0,35543388
4159,move-release,8,56,1,1,0,5,00000000,701948,0,35543388
4162,move-post,2,56,1,2,0,5,00000000,701948,0,35543388
4168,js-tick-duration,3,-2,-2,-1,0,5,00000000,0,0,0
4168,miniapp-service-duration,3,-2,-2,-1,0,5,00000000,0,0,0
4168,runtime-services-duration,3,-2,-2,-1,0,5,00000000,0,0,0
4168,heartbeat,15,56,1,0,0,5,00000000,693048,0,35543388
4171,move-release,2,56,1,1,0,5,00000000,693048,0,35543388
4174,move-post,4,56,1,2,0,5,00000000,693048,0,35543388
4191,js-input-dispatch-duration,14,-2,-2,-1,0,5,00000000,0,0,0
4192,js-host-service-duration,1,-2,-2,-1,0,5,00000000,0,0,0
4192,input-dispatch-duration,15,-2,-2,-1,0,5,00000000,0,0,0
4193,lv-timer-duration,1,-2,-2,-1,0,5,00000000,0,0,0
4193,heartbeat,25,56,1,0,0,6,00000000,718208,0,35543388
4196,move-release,4,56,1,1,0,6,00000000,718208,0,35543388
4199,move-post,64,56,1,2,0,6,00000000,718208,0,35543388
4222,js-host-service-duration,19,-2,-2,-1,0,6,00000000,0,0,0
4222,input-dispatch-duration,19,-2,-2,-1,0,6,00000000,0,0,0
4224,lv-timer-duration,2,-2,-2,-1,0,6,00000000,0,0,0
4224,ui-heartbeat-gap,31,56,1,0,0,7,00000000,737696,0,35543388
4227,heartbeat,31,56,1,0,0,7,00000000,737696,0,35543388
4231,move-release,64,56,1,1,0,7,00000000,737696,0,35543388
4234,move-post,8,56,1,2,0,7,00000000,737696,0,35543388
4249,ui-batch-execute-duration,1,-2,-2,-1,0,7,00000000,0,0,0
4257,ui-batch-execute-duration,1,-2,-2,-1,0,7,00000000,0,0,0
4258,js-host-service-duration,21,-2,-2,-1,0,7,00000000,0,0,0
4258,input-dispatch-duration,21,-2,-2,-1,0,7,00000000,0,0,0
4260,lv-timer-duration,2,-2,-2,-1,0,7,00000000,0,0,0
4260,ui-heartbeat-gap,36,56,1,0,0,8,00000000,753316,0,35543388
4263,heartbeat,36,56,1,0,0,8,00000000,753316,0,35543388
4266,move-release,8,56,1,1,0,8,00000000,753316,0,35543388
4269,move-post,2,56,1,2,0,8,00000000,753316,0,35543388
4284,ui-batch-execute-duration,1,-2,-2,-1,0,8,00000000,0,0,0
4294,js-tick-duration,21,-2,-2,-1,0,8,00000000,0,0,0
4294,miniapp-service-duration,21,-2,-2,-1,0,8,00000000,0,0,0
4294,runtime-services-duration,21,-2,-2,-1,0,8,00000000,0,0,0
4295,lv-timer-duration,1,-2,-2,-1,0,8,00000000,0,0,0
4295,ui-heartbeat-gap,35,56,1,0,0,9,00000000,768496,6176,35537196
4299,heartbeat,35,56,1,0,0,9,00000000,768496,6176,35537196
4302,move-release,2,56,1,1,0,9,00000000,768496,6176,35537196
4305,move-post,4,56,1,2,0,9,00000000,768496,6176,35537196
4320,ui-batch-execute-duration,1,-2,-2,-1,0,9,00000000,0,0,0
4330,ui-batch-execute-duration,1,-2,-2,-1,0,9,00000000,0,0,0
4331,js-host-service-duration,22,-2,-2,-1,0,9,00000000,0,0,0
4331,input-dispatch-duration,22,-2,-2,-1,0,9,00000000,0,0,0
4333,lv-timer-duration,2,-2,-2,-1,0,9,00000000,0,0,0
4333,ui-heartbeat-gap,38,56,1,0,0,10,00000000,790760,0,35543388
4337,heartbeat,38,56,1,0,0,10,00000000,790760,0,35543388
4340,move-release,4,56,1,1,0,10,00000000,790760,0,35543388
4344,move-post,64,56,1,2,0,10,00000000,790760,0,35543388
4359,ui-batch-preflight-duration,1,-2,-2,-1,0,10,00000000,0,0,0
4371,ui-batch-execute-duration,1,-2,-2,-1,0,10,00000000,0,0,0
4373,js-host-service-duration,26,-2,-2,-1,0,10,00000000,0,0,0
4373,input-dispatch-duration,26,-2,-2,-1,0,10,00000000,0,0,0
4375,lv-timer-duration,2,-2,-2,-1,0,10,00000000,0,0,0
4375,ui-heartbeat-gap,42,56,1,0,0,11,00000000,816576,0,35543388
4379,heartbeat,42,56,1,0,0,11,00000000,816576,0,35543388
4382,move-release,64,56,1,1,0,11,00000000,816576,0,35543388
4386,move-post,8,56,1,2,0,11,00000000,816576,0,35543388
4390,js-input-dispatch-duration,1,-2,-2,-1,0,11,00000000,0,0,0
4402,ui-batch-execute-duration,1,-2,-2,-1,0,11,00000000,0,0,0
4416,ui-batch-execute-duration,1,-2,-2,-1,0,11,00000000,0,0,0
4417,js-host-service-duration,27,-2,-2,-1,0,11,00000000,0,0,0
4417,input-dispatch-duration,28,-2,-2,-1,0,11,00000000,0,0,0
4420,lv-timer-duration,3,-2,-2,-1,0,11,00000000,0,0,0
4420,ui-heartbeat-gap,45,56,1,0,0,12,00000000,845236,0,35543388
4424,heartbeat,45,56,1,0,0,12,00000000,845236,0,35543388
4427,move-release,8,56,1,1,0,12,00000000,845236,0,35543388
4431,move-post,2,56,1,2,0,12,00000000,845236,0,35543388
4448,ui-batch-execute-duration,1,-2,-2,-1,0,12,00000000,0,0,0
4464,js-tick-duration,29,-2,-2,-1,0,12,00000000,0,0,0
4464,miniapp-service-duration,29,-2,-2,-1,0,12,00000000,0,0,0
4464,runtime-services-duration,29,-2,-2,-1,0,12,00000000,0,0,0
4467,lv-timer-duration,3,-2,-2,-1,0,12,00000000,0,0,0
4467,ui-heartbeat-gap,47,56,1,0,0,13,00000000,870320,6176,35537196
4470,heartbeat,47,56,1,0,0,13,00000000,870320,6176,35537196
4474,move-release,2,56,1,1,0,13,00000000,870320,6176,35537196
4478,move-post,4,56,1,2,0,13,00000000,870320,6176,35537196
4495,ui-batch-execute-duration,1,-2,-2,-1,0,13,00000000,0,0,0
4510,ui-batch-execute-duration,1,-2,-2,-1,0,13,00000000,0,0,0
4512,js-host-service-duration,30,-2,-2,-1,0,13,00000000,0,0,0
4512,input-dispatch-duration,30,-2,-2,-1,0,13,00000000,0,0,0
4514,lv-timer-duration,2,-2,-2,-1,0,13,00000000,0,0,0
4514,ui-heartbeat-gap,47,56,1,0,0,14,00000000,894924,0,35543388
4518,heartbeat,47,56,1,0,0,14,00000000,894924,0,35543388
4522,move-release,4,56,1,1,0,14,00000000,894924,0,35543388
4526,move-post,64,56,1,2,0,14,00000000,894924,0,35543388
4543,ui-batch-preflight-duration,1,-2,-2,-1,0,14,00000000,0,0,0
4544,ui-batch-execute-duration,1,-2,-2,-1,0,14,00000000,0,0,0
4559,ui-batch-preflight-duration,1,-2,-2,-1,0,14,00000000,0,0,0
4561,js-host-service-duration,30,-2,-2,-1,0,14,00000000,0,0,0
4561,input-dispatch-duration,30,-2,-2,-1,0,14,00000000,0,0,0
4563,lv-timer-duration,2,-2,-2,-1,0,14,00000000,0,0,0
4563,ui-heartbeat-gap,49,56,1,0,0,15,00000000,919792,0,35543388
4568,heartbeat,49,56,1,0,0,15,00000000,919792,0,35543388
4572,move-release,64,56,1,1,0,15,00000000,919792,0,35543388
4576,move-post,8,56,1,2,0,15,00000000,919792,0,35543388
4592,ui-batch-preflight-duration,1,-2,-2,-1,0,15,00000000,0,0,0
4593,ui-batch-execute-duration,1,-2,-2,-1,0,15,00000000,0,0,0
4611,ui-batch-execute-duration,1,-2,-2,-1,0,15,00000000,0,0,0
4613,js-host-service-duration,33,-2,-2,-1,0,15,00000000,0,0,0
4613,input-dispatch-duration,33,-2,-2,-1,0,15,00000000,0,0,0
4616,lv-timer-duration,3,-2,-2,-1,0,15,00000000,0,0,0
4616,ui-heartbeat-gap,53,56,1,0,0,16,00000000,951920,0,35543388
4620,heartbeat,53,56,1,0,0,16,00000000,951920,0,35543388
4625,move-release,8,56,1,1,0,16,00000000,951920,0,35543388
4629,move-post,2,56,1,2,0,16,00000000,951920,0,35543388
4647,ui-batch-execute-duration,2,-2,-2,-1,0,16,00000000,0,0,0
4666,ui-batch-execute-duration,1,-2,-2,-1,0,16,00000000,0,0,0
4668,js-tick-duration,35,-2,-2,-1,0,16,00000000,0,0,0
4668,miniapp-service-duration,35,-2,-2,-1,0,16,00000000,0,0,0
4668,runtime-services-duration,35,-2,-2,-1,0,16,00000000,0,0,0
4671,lv-timer-duration,3,-2,-2,-1,0,16,00000000,0,0,0
4671,ui-heartbeat-gap,55,56,1,0,0,17,00000000,980004,6176,35537196
4675,heartbeat,55,56,1,0,0,17,00000000,980004,6176,35537196
4679,move-release,2,56,1,1,0,17,00000000,980004,6176,35537196
4684,move-post,4,56,1,2,0,17,00000000,980004,6176,35537196
4692,js-tick-duration,4,-2,-2,-1,0,17,00000000,0,0,0
4692,miniapp-service-duration,4,-2,-2,-1,0,17,00000000,0,0,0
4693,miniapp-render-duration,1,-2,-2,-1,0,17,00000000,0,0,0
4693,runtime-services-duration,5,-2,-2,-1,0,17,00000000,0,0,0
4697,lv-timer-duration,4,-2,-2,-1,0,17,00000000,0,0,0
4697,ui-heartbeat-gap,26,56,1,0,0,18,00000000,953776,0,35543388
4701,heartbeat,26,56,1,0,0,18,00000000,953776,0,35543388
4705,move-release,4,56,1,1,0,18,00000000,953776,0,35543388
4709,move-post,64,56,1,2,0,18,00000000,953776,0,35543388
4714,heartbeat,17,56,1,0,0,18,00000000,953824,0,35543388
4718,move-release,64,56,1,1,0,18,00000000,953824,0,35543388
4722,move-post,8,56,1,2,0,18,00000000,953824,0,35543388
4731,js-tick-duration,4,-2,-2,-1,0,18,00000000,0,0,0
4731,miniapp-service-duration,4,-2,-2,-1,0,18,00000000,0,0,0
4732,miniapp-render-duration,1,-2,-2,-1,0,18,00000000,0,0,0
4732,runtime-services-duration,5,-2,-2,-1,0,18,00000000,0,0,0
4736,lv-timer-duration,4,-2,-2,-1,0,18,00000000,0,0,0
4736,heartbeat,22,56,1,0,0,19,00000000,953500,0,35543388
4741,move-release,8,56,1,1,0,19,00000000,953500,0,35543388
4745,move-post,2,56,1,2,0,19,00000000,953500,0,35543388
4750,miniapp-render-duration,1,-2,-2,-1,0,19,00000000,0,0,0
4750,runtime-services-duration,1,-2,-2,-1,0,19,00000000,0,0,0
4752,lv-timer-duration,2,-2,-2,-1,0,19,00000000,0,0,0
4752,heartbeat,16,56,1,0,0,20,00000000,953500,0,35543388
4756,move-release,2,56,1,1,0,20,00000000,953500,0,35543388
4760,move-post,4,56,1,2,0,20,00000000,953500,0,35543388
4775,ui-batch-execute-duration,2,-2,-2,-1,0,20,00000000,0,0,0
4794,js-input-dispatch-duration,29,-2,-2,-1,0,20,00000000,0,0,0
4796,js-host-service-duration,2,-2,-2,-1,0,20,00000000,0,0,0
4796,input-dispatch-duration,31,-2,-2,-1,0,20,00000000,0,0,0
4799,lv-timer-duration,3,-2,-2,-1,0,20,00000000,0,0,0
4799,ui-heartbeat-gap,47,56,1,0,0,21,00000000,1008508,0,35543388
4804,heartbeat,47,56,1,0,0,21,00000000,1008508,0,35543388
4808,move-release,4,56,1,1,0,21,00000000,1008508,0,35543388
4813,move-post,64,56,1,2,0,21,00000000,1008508,0,35543388
4830,ui-batch-execute-duration,1,-2,-2,-1,0,21,00000000,0,0,0
4851,ui-batch-execute-duration,1,-2,-2,-1,0,21,00000000,0,0,0
4853,js-host-service-duration,36,-2,-2,-1,0,21,00000000,0,0,0
4853,input-dispatch-duration,36,-2,-2,-1,0,21,00000000,0,0,0
4856,lv-timer-duration,3,-2,-2,-1,0,21,00000000,0,0,0
4856,ui-heartbeat-gap,57,56,1,0,0,22,00000000,1036592,0,35543388
4861,heartbeat,57,56,1,0,0,22,00000000,1036592,0,35543388
4865,move-release,64,56,1,1,0,22,00000000,1036592,0,35543388
4870,move-post,8,56,1,2,0,22,00000000,1036592,0,35543388
4888,ui-batch-execute-duration,1,-2,-2,-1,0,22,00000000,0,0,0
4910,ui-batch-execute-duration,1,-2,-2,-1,0,22,00000000,0,0,0
4912,js-host-service-duration,37,-2,-2,-1,0,22,00000000,0,0,0
4912,input-dispatch-duration,37,-2,-2,-1,0,22,00000000,0,0,0
4915,lv-timer-duration,3,-2,-2,-1,0,22,00000000,0,0,0
4915,ui-heartbeat-gap,59,56,1,0,0,23,00000000,1064528,0,35543388
4919,heartbeat,59,56,1,0,0,23,00000000,1064528,0,35543388
4924,move-release,8,56,1,1,0,23,00000000,1064528,0,35543388
4929,move-post,2,56,1,2,0,23,00000000,1064528,0,35543388
4938,js-tick-duration,4,-2,-2,-1,0,23,00000000,0,0,0
4938,miniapp-service-duration,4,-2,-2,-1,0,23,00000000,0,0,0
4938,runtime-services-duration,4,-2,-2,-1,0,23,00000000,0,0,0
4938,heartbeat,23,56,1,0,0,23,00000000,1038568,0,35543388
4942,move-release,2,56,1,1,0,23,00000000,1038568,0,35543388
4947,move-post,4,56,1,2,0,23,00000000,1038568,0,35543388
4961,ui-batch-execute-duration,1,-2,-2,-1,0,23,00000000,0,0,0
4986,ui-batch-execute-duration,1,-2,-2,-1,0,23,00000000,0,0,0
4986,js-input-dispatch-duration,35,-2,-2,-1,0,23,00000000,0,0,0
4989,js-host-service-duration,3,-2,-2,-1,0,23,00000000,0,0,0
4989,input-dispatch-duration,38,-2,-2,-1,0,23,00000000,0,0,0
4992,lv-timer-duration,3,-2,-2,-1,0,23,00000000,0,0,0
4992,ui-heartbeat-gap,54,56,1,0,0,24,00000000,1100156,0,35543388
4996,heartbeat,54,56,1,0,0,24,00000000,1100156,0,35543388
5001,move-release,4,56,1,1,0,24,00000000,1100156,0,35543388
5006,move-post,64,56,1,2,0,24,00000000,1100156,0,35543388
5025,ui-batch-execute-duration,2,-2,-2,-1,0,24,00000000,0,0,0
5051,ui-batch-execute-duration,1,-2,-2,-1,0,24,00000000,0,0,0
5053,js-host-service-duration,42,-2,-2,-1,0,24,00000000,0,0,0
5053,input-dispatch-duration,42,-2,-2,-1,0,24,00000000,0,0,0
5056,lv-timer-duration,3,-2,-2,-1,0,24,00000000,0,0,0
5056,ui-heartbeat-gap,64,56,1,0,0,25,00000000,1130696,0,35543388
5061,heartbeat,64,56,1,0,0,25,00000000,1130696,0,35543388
5066,move-release,64,56,1,1,0,25,00000000,1130696,0,35543388
5071,move-post,8,56,1,2,0,25,00000000,1130696,0,35543388
5091,ui-batch-execute-duration,2,-2,-2,-1,0,25,00000000,0,0,0
5126,ui-batch-execute-duration,1,-2,-2,-1,0,25,00000000,0,0,0
5129,js-host-service-duration,52,-2,-2,-1,0,25,00000000,0,0,0
5129,input-dispatch-duration,52,-2,-2,-1,0,25,00000000,0,0,0
5132,lv-timer-duration,3,-2,-2,-1,0,25,00000000,0,0,0
5132,ui-heartbeat-gap,76,56,1,0,0,26,00000000,1051184,0,35543388
5136,heartbeat,76,56,1,0,0,26,00000000,1051184,0,35543388
5140,move-release,8,56,1,1,0,26,00000000,1051184,0,35543388
5144,move-post,2,56,1,2,0,26,00000000,1051184,0,35543388
5161,ui-batch-preflight-duration,1,-2,-2,-1,0,26,00000000,0,0,0
5162,ui-batch-execute-duration,1,-2,-2,-1,0,26,00000000,0,0,0
5193,ui-batch-execute-duration,1,-2,-2,-1,0,26,00000000,0,0,0
5196,js-tick-duration,47,-2,-2,-1,0,26,00000000,0,0,0
5196,miniapp-service-duration,47,-2,-2,-1,0,26,00000000,0,0,0
5196,runtime-services-duration,47,-2,-2,-1,0,26,00000000,0,0,0
5199,lv-timer-duration,3,-2,-2,-1,0,26,00000000,0,0,0
5199,ui-heartbeat-gap,67,56,1,0,0,27,00000000,1085172,6176,35537196
5203,heartbeat,67,56,1,0,0,27,00000000,1085172,6176,35537196
5207,move-release,2,56,1,1,0,27,00000000,1085172,6176,35537196
5212,2048-visible-move-count,0,56,1,1,0,27,00000000,1085172,6176,35537196
5216,game-exit-hold,0,56,1,1,0,27,00000000,1085172,6176,35537196
5221,input-dispatch-duration,1,-2,-2,-1,0,27,00000000,0,0,0
5225,js-tick-duration,4,-2,-2,-1,0,27,00000000,0,0,0
5225,miniapp-service-duration,4,-2,-2,-1,0,27,00000000,0,0,0
5225,runtime-services-duration,4,-2,-2,-1,0,27,00000000,0,0,0
5229,lv-timer-duration,4,-2,-2,-1,0,27,00000000,0,0,0
5230,present-duration,1,-2,-2,-1,0,28,00000000,0,0,0
5230,ui-heartbeat-gap,31,56,1,0,0,28,00000000,1053188,0,35543388
5234,heartbeat,31,56,1,0,0,28,00000000,1053188,0,35543388
5238,menu-hold-post,2,56,1,1,0,28,00000000,1053188,0,35543388
5246,js-tick-duration,4,-2,-2,-1,0,28,00000000,0,0,0
5246,miniapp-service-duration,4,-2,-2,-1,0,28,00000000,0,0,0
5247,miniapp-render-duration,1,-2,-2,-1,0,28,00000000,0,0,0
5247,runtime-services-duration,5,-2,-2,-1,0,28,00000000,0,0,0
5249,lv-timer-duration,2,-2,-2,-1,0,28,00000000,0,0,0
5249,heartbeat,19,56,1,0,0,29,00000000,1052652,0,35543388
5255,heartbeat,6,56,1,0,0,29,00000000,1052652,0,35543388
5260,heartbeat,5,56,1,0,0,29,00000000,1052652,0,35543388
5265,heartbeat,1,56,1,0,0,29,00000000,1052652,0,35543388
5270,heartbeat,1,56,1,0,0,29,00000000,1052652,0,35543388
5275,heartbeat,1,56,1,0,0,29,00000000,1052652,0,35543388
5280,heartbeat,1,56,1,0,0,29,00000000,1052652,0,35543388
5285,heartbeat,1,56,1,0,0,29,00000000,1052652,0,35543388
5290,heartbeat,1,56,1,0,0,29,00000000,1052652,0,35543388
5295,heartbeat,1,56,1,0,0,29,00000000,1052652,0,35543388
5300,heartbeat,1,56,1,0,0,29,00000000,1052652,0,35543388
5303,game2048-exit-prompt,70,56,1,0,0,29,00000000,1052652,0,35543388
5308,heartbeat,8,56,1,0,0,29,00000000,1052652,0,35543388
5313,heartbeat,1,56,1,0,0,29,00000000,1052652,0,35543388
5318,heartbeat,1,56,1,0,0,29,00000000,1052652,0,35543388
5323,heartbeat,1,56,1,0,0,29,00000000,1052768,0,35543388
5328,heartbeat,1,56,1,0,0,29,00000000,1052768,0,35543388
5333,heartbeat,1,56,1,0,0,29,00000000,1052768,0,35543388
5338,heartbeat,1,56,1,0,0,29,00000000,1052768,0,35543388
5343,heartbeat,1,56,1,0,0,29,00000000,1052768,0,35543388
5358,heartbeat,15,56,1,0,0,29,00000000,1052768,0,35543388
5373,heartbeat,15,56,1,0,0,29,00000000,1052768,0,35543388
5388,heartbeat,15,56,1,0,0,29,00000000,1052768,0,35543388
5403,heartbeat,15,56,1,0,0,29,00000000,1052768,0,35543388
5418,heartbeat,15,56,1,0,0,29,00000000,1052768,0,35543388
5433,heartbeat,15,56,1,0,0,29,00000000,1052884,0,35543388
5448,game-exit-right,0,56,1,1,0,29,00000000,1052884,0,35543388
5463,ui-heartbeat-gap,30,56,1,0,0,29,00000000,1052884,0,35543388
5467,heartbeat,30,56,1,0,0,29,00000000,1052884,0,35543388
5471,game2048-exit-select,8,56,1,1,0,29,00000000,1052884,0,35543388
5485,ui-batch-execute-duration,2,-2,-2,-1,0,29,00000000,0,0,0
5526,js-input-dispatch-duration,51,-2,-2,-1,0,29,00000000,0,0,0
5529,js-host-service-duration,3,-2,-2,-1,0,29,00000000,0,0,0
5529,input-dispatch-duration,54,-2,-2,-1,0,29,00000000,0,0,0
5530,lv-timer-duration,1,-2,-2,-1,0,29,00000000,0,0,0
5530,ui-heartbeat-gap,67,56,1,0,0,30,00000000,1130500,0,35543388
5535,heartbeat,67,56,1,0,0,30,00000000,1130500,0,35543388
5539,button-release,8,56,1,1,0,30,00000000,1130500,0,35543388
5544,heartbeat,14,56,1,0,0,30,00000000,1130524,0,35543388
5549,action-present,67,56,1,0,0,30,00000000,1130524,0,35543388
5553,game-exit-select,0,56,1,0,0,30,00000000,1130524,0,35543388
5559,heartbeat,15,56,1,0,0,30,00000000,1130524,0,35543388
5563,game2048-exit-list-frame,1,56,1,1,0,30,00000000,1130524,0,35543388
5572,js-host-service-duration,4,-2,-2,-1,0,30,00000000,0,0,0
5572,input-dispatch-duration,4,-2,-2,-1,0,30,00000000,0,0,0
5572,heartbeat,13,56,1,0,0,30,00000000,1129988,0,35543388
5577,button-release,1,56,1,1,0,30,00000000,1129988,0,35543388
5582,heartbeat,10,56,1,0,0,30,00000000,1129988,0,35543388
5587,heartbeat,5,56,1,0,0,30,00000000,1129988,0,35543388
5592,heartbeat,5,56,1,0,0,30,00000000,1129988,0,35543388
5597,heartbeat,5,56,1,0,0,30,00000000,1129988,0,35543388
5602,heartbeat,5,56,1,0,0,30,00000000,1129988,0,35543388
5607,heartbeat,5,56,1,0,0,30,00000000,1129988,0,35543388
5612,heartbeat,5,56,1,0,0,30,00000000,1129988,0,35543388
5617,heartbeat,5,56,1,0,0,30,00000000,1129988,0,35543388
5622,heartbeat,5,56,1,0,0,30,00000000,1129988,0,35543388
5627,heartbeat,5,56,1,0,0,30,00000000,1129988,0,35543388
5632,heartbeat,5,56,1,0,0,30,00000000,1129988,0,35543388
5637,heartbeat,5,56,1,0,0,30,00000000,1129988,0,35543388
5641,action-timeout,78,56,1,0,0,30,00000000,1129988,0,35543388
5646,game2048-exit-list-frame,78,56,1,0,0,30,00000000,1129988,0,35543388
5650,finish-fail,0,56,1,0,0,30,00000000,1129988,0,35543388
